category,subcategory,file,query_used,title,creator,creator_url,license,license_version,license_url,source_page,image_url,provider
Mason,Brick / Block Work,assets\services\mason\brick-block-work.jpg,Brick Block Work Mason,Hiding in Plain Sight (Best Viewed Large),A.Davey,https://www.flickr.com/photos/40595948@N00,by,2.0,https://creativecommons.org/licenses/by/2.0/,https://www.flickr.com/photos/40595948@N00/3823999070,https://live.staticflickr.com/2580/3823999070_693a77aea2_b.jpg,flickr
Mason,Plastering,assets\services\mason\plastering.jpg,Plastering Mason,"Masons Court - Rother Street, Stratford-upon-Avon",ell brown,https://www.flickr.com/photos/39415781@N06,by,2.0,https://creativecommons.org/licenses/by/2.0/,https://www.flickr.com/photos/39415781@N06/8357718480,https://live.staticflickr.com/8503/8357718480_fbb29ac6bf_b.jpg,flickr
Mason,Concrete Work,assets\services\mason\concrete-work.jpg,Concrete Work Mason,Personal geography of 2014,Eric Fischer,https://www.flickr.com/photos/24431382@N03,by,2.0,https://creativecommons.org/licenses/by/2.0/,https://www.flickr.com/photos/24431382@N03/15982335687,https://live.staticflickr.com/7580/15982335687_d07c8680f0_b.jpg,flickr
Mason,Tile Work,assets\services\mason\tile-work.jpg,Tile Work Mason,"Masons Court - Rother Street, Stratford-upon-Avon",ell brown,https://www.flickr.com/photos/39415781@N06,by,2.0,https://creativecommons.org/licenses/by/2.0/,https://www.flickr.com/photos/39415781@N06/8357718480,https://live.staticflickr.com/8503/8357718480_fbb29ac6bf_b.jpg,flickr
Mason,Wall Repair,assets\services\mason\wall-repair.jpg,Wall Repair Mason,Maritime Services Board (MSB) Building c.1952,Sydney Heritage,https://www.flickr.com/photos/72079496@N04,by,2.0,https://creativecommons.org/licenses/by/2.0/,https://www.flickr.com/photos/72079496@N04/6851772037,https://live.staticflickr.com/7202/6851772037_65a9b3a439_b.jpg,flickr
Mason,Boundary Wall,assets\services\mason\boundary-wall.jpg,Boundary Wall Mason,"King Henry VIII Grammar School - St John Street, Abergavenny",ell brown,https://www.flickr.com/photos/39415781@N06,by-sa,2.0,https://creativecommons.org/licenses/by-sa/2.0/,https://www.flickr.com/photos/39415781@N06/18876947578,https://live.staticflickr.com/284/18876947578_9650ac2c03_b.jpg,flickr
Mason,Drainage Work,assets\services\mason\drainage-work.jpg,Drainage Work Mason,"Bright green windmill in Zaanse Schans, the Netherlands",Bogdan Migulski,https://www.flickr.com/photos/20172348@N00,by,2.0,https://creativecommons.org/licenses/by/2.0/,https://www.flickr.com/photos/20172348@N00/2536715845,https://live.staticflickr.com/3038/2536715845_6792b26174_b.jpg,flickr
Mason,Bathroom Masonry,assets\services\mason\bathroom-masonry.jpg,Bathroom Masonry,U.S. delivers elderly day care center to Serbia,USACE Europe District,https://www.flickr.com/photos/34728058@N08,by,2.0,https://creativecommons.org/licenses/by/2.0/,https://www.flickr.com/photos/34728058@N08/14270454117,https://live.staticflickr.com/5113/14270454117_d69ca42a0c_b.jpg,flickr
Mason,Kitchen Masonry,assets\services\mason\kitchen-masonry.jpg,Kitchen Masonry,"Charles Graves House (c.1795), 123 Tradd Street, Charleston, SC",Spencer Means,https://www.flickr.com/photos/28643687@N08,by-sa,2.0,https://creativecommons.org/licenses/by-sa/2.0/,https://www.flickr.com/photos/28643687@N08/7027691909,https://live.staticflickr.com/7183/7027691909_07b1058073_b.jpg,flickr
Mason,Paving / Interlocking,assets\services\mason\paving-interlocking.jpg,Paving Interlocking,genova-swatch-beechwood,Rochester Concrete Products,https://www.flickr.com/photos/93816711@N06,by,2.0,https://creativecommons.org/licenses/by/2.0/,https://www.flickr.com/photos/93816711@N06/16972022959,https://live.staticflickr.com/8714/16972022959_3c007b6e11_m.jpg,flickr
Appliance Repair,Refrigerator,assets\services\appliance-repair\refrigerator.jpg,Refrigerator Appliance Repair,Strike Team 4803A Helps Residents,Region 5 Photography,https://www.flickr.com/photos/39108150@N05,by,2.0,https://creativecommons.org/licenses/by/2.0/,https://www.flickr.com/photos/39108150@N05/42983331894,https://live.staticflickr.com/930/42983331894_00e9691357_b.jpg,flickr
Appliance Repair,Washing Machine,assets\services\appliance-repair\washing-machine.jpg,Washing Machine Appliance Repair,New England Appliance,Muffet,https://www.flickr.com/photos/53133240@N00,by,2.0,https://creativecommons.org/licenses/by/2.0/,https://www.flickr.com/photos/53133240@N00/817650679,https://live.staticflickr.com/1237/817650679_35c255337b_b.jpg,flickr
Appliance Repair,Television,assets\services\appliance-repair\television.jpg,Television Appliance Repair,Boyett's TV,Steve Snodgrass,https://www.flickr.com/photos/10710442@N08,by,2.0,https://creativecommons.org/licenses/by/2.0/,https://www.flickr.com/photos/10710442@N08/7390080026,https://live.staticflickr.com/7085/7390080026_8bbe690c34_b.jpg,flickr
Appliance Repair,Water Heater / Geyser,assets\services\appliance-repair\water-heater-geyser.jpg,Water Heater Geyser,bathtime,saudekjan,https://www.flickr.com/photos/156515782@N02,pdm,1.0,https://creativecommons.org/publicdomain/mark/1.0/,https://www.flickr.com/photos/156515782@N02/50569793822,https://live.staticflickr.com/65535/50569793822_c992d09192_b.jpg,flickr
Appliance Repair,Electric Stove,assets\services\appliance-repair\electric-stove.jpg,Electric Stove,"Marilyn demonstrating electric stove, 1949",Seattle Municipal Archives,https://www.flickr.com/photos/24256351@N04,by,2.0,https://creativecommons.org/licenses/by/2.0/,https://www.flickr.com/photos/24256351@N04/4014105889,https://live.staticflickr.com/2676/4014105889_e3639b1f95_b.jpg,flickr
Appliance Repair,Dishwasher,assets\services\appliance-repair\dishwasher.jpg,Dishwasher Appliance Repair,Portable Light prototypes_2040,hoyasmeg,https://www.flickr.com/photos/62126383@N00,by,2.0,https://creativecommons.org/licenses/by/2.0/,https://www.flickr.com/photos/62126383@N00/3536190493,https://live.staticflickr.com/2231/3536190493_eacee6e80c_b.jpg,flickr
Appliance Repair,Water Purifier,assets\services\appliance-repair\water-purifier.jpg,Water Purifier,"Captured Japanese Water Purifier, circa 1942","Archives Branch, USMC History Division",https://www.flickr.com/photos/60868061@N04,by,2.0,https://creativecommons.org/licenses/by/2.0/,https://www.flickr.com/photos/60868061@N04/36670197776,https://live.staticflickr.com/4419/36670197776_4469fc19b0_b.jpg,flickr
Appliance Repair,Exhaust Fan,assets\services\appliance-repair\exhaust-fan.jpg,Exhaust Fan,Exhaust Fans,mikecogh,https://www.flickr.com/photos/89165847@N00,by-sa,2.0,https://creativecommons.org/licenses/by-sa/2.0/,https://www.flickr.com/photos/89165847@N00/10401306734,https://live.staticflickr.com/2842/10401306734_829f58a310_b.jpg,flickr
Appliance Repair,Small Appliances,assets\services\appliance-repair\small-appliances.jpg,Small Appliances Appliance Repair,A TRIBUTE TO WOMEN AWARD ...,mrbill78636,https://www.flickr.com/photos/88611824@N00,by,2.0,https://creativecommons.org/licenses/by/2.0/,https://www.flickr.com/photos/88611824@N00/4446593887,https://live.staticflickr.com/4019/4446593887_15e16f1456_b.jpg,flickr
Appliance Repair,Installation & Servicing,assets\services\appliance-repair\installation-servicing.jpg,Installation Servicing Appliance Repair,New England Appliance,Muffet,https://www.flickr.com/photos/53133240@N00,by,2.0,https://creativecommons.org/licenses/by/2.0/,https://www.flickr.com/photos/53133240@N00/817650679,https://live.staticflickr.com/1237/817650679_35c255337b_b.jpg,flickr
Plumbing,Leakage Repair,assets\services\plumbing\leakage-repair.jpg,Leakage Repair,Kwiki Economy Set,Hardcast65,https://www.flickr.com/photos/66958833@N05,by,2.0,https://creativecommons.org/licenses/by/2.0/,https://www.flickr.com/photos/66958833@N05/6171910995,https://live.staticflickr.com/65535/6171910995_93b0dcb6aa_b.jpg,flickr
Plumbing,Pipe Installation,assets\services\plumbing\pipe-installation.jpg,Pipe Installation Plumbing,Plumb Beach Coastal Storm Risk Reduction Work in Brooklyn - 10-22-12 (protecting the Belt Parkway),USACE NY,https://www.flickr.com/photos/40704398@N05,by,2.0,https://creativecommons.org/licenses/by/2.0/,https://www.flickr.com/photos/40704398@N05/8116126853,https://live.staticflickr.com/8329/8116126853_a88f47977c_b.jpg,flickr
Plumbing,Drain Blockage,assets\services\plumbing\drain-blockage.jpg,Drain Blockage Plumbing,HouseColonoscopy,MikeBlogs,https://www.flickr.com/photos/31477768@N00,by,2.0,https://creativecommons.org/licenses/by/2.0/,https://www.flickr.com/photos/31477768@N00/2330018913,https://live.staticflickr.com/2144/2330018913_da63a07dd2_b.jpg,flickr
Plumbing,Bathroom Plumbing,assets\services\plumbing\bathroom-plumbing.jpg,Bathroom Plumbing Plumbing,Shower Contraption,Afroswede,https://www.flickr.com/photos/51035768826@N01,by,2.0,https://creativecommons.org/licenses/by/2.0/,https://www.flickr.com/photos/51035768826@N01/2751466,https://live.staticflickr.com/2/2751466_1603aa83b1_b.jpg,flickr
Plumbing,Kitchen Plumbing,assets\services\plumbing\kitchen-plumbing.jpg,Kitchen Plumbing Plumbing,Future Kitchen,666isMONEY ☮ ♥ & ☠,https://www.flickr.com/photos/32645377@N06,by-sa,2.0,https://creativecommons.org/licenses/by-sa/2.0/,https://www.flickr.com/photos/32645377@N06/5015156929,https://live.staticflickr.com/4149/5015156929_81ed7b9137_b.jpg,flickr
Plumbing,Tap / Faucet Repair,assets\services\plumbing\tap-faucet-repair.jpg,Tap Faucet Repair Plumbing,40+243 Repair,bark,https://www.flickr.com/photos/49503168860@N01,by,2.0,https://creativecommons.org/licenses/by/2.0/,https://www.flickr.com/photos/49503168860@N01/4747825985,https://live.staticflickr.com/4140/4747825985_769b305079.jpg,flickr
Plumbing,Toilet Repair,assets\services\plumbing\toilet-repair.jpg,Toilet Repair Plumbing,stucco plumbing malaysia,plumbing11127,https://www.flickr.com/photos/57972839@N04,cc0,1.0,https://creativecommons.org/publicdomain/zero/1.0/,https://www.flickr.com/photos/57972839@N04/22856493597,https://live.staticflickr.com/625/22856493597_9035095621_b.jpg,flickr
Plumbing,Water Tank Installation,assets\services\plumbing\water-tank-installation.jpg,Water Tank Installation Plumbing,Work Desk,William Herron,https://www.flickr.com/photos/76348994@N06,by-sa,2.0,https://creativecommons.org/licenses/by-sa/2.0/,https://www.flickr.com/photos/76348994@N06/8208927079,https://live.staticflickr.com/8059/8208927079_939b4c1157_b.jpg,flickr
Plumbing,Pump Installation / Repair,assets\services\plumbing\pump-installation-repair.jpg,Pump Installation Repair,Grand Canyon National Park: Trans Canyon Pipeline: TCP 01,Grand Canyon NPS,https://www.flickr.com/photos/50693818@N08,by,2.0,https://creativecommons.org/licenses/by/2.0/,https://www.flickr.com/photos/50693818@N08/11718038445,https://live.staticflickr.com/2894/11718038445_a0b09c88dc_b.jpg,flickr
Plumbing,Water Heater / Geyser,assets\services\plumbing\water-heater-geyser.jpg,Water Heater Geyser,bathtime,saudekjan,https://www.flickr.com/photos/156515782@N02,pdm,1.0,https://creativecommons.org/publicdomain/mark/1.0/,https://www.flickr.com/photos/156515782@N02/50569793822,https://live.staticflickr.com/65535/50569793822_c992d09192_b.jpg,flickr
Plumbing,Drainage,assets\services\plumbing\drainage.jpg,Drainage Plumbing,Modern rail car plumbing (English legends),selkovjr,https://www.flickr.com/photos/14192663@N07,by,2.0,https://creativecommons.org/licenses/by/2.0/,https://www.flickr.com/photos/14192663@N07/6101779026,https://live.staticflickr.com/6067/6101779026_f257ac6e76_b.jpg,flickr
Plumbing,New Water Line,assets\services\plumbing\new-water-line.jpg,New Water Line Plumbing,A TED Toast,jurvetson,https://www.flickr.com/photos/44124348109@N01,by,2.0,https://creativecommons.org/licenses/by/2.0/,https://www.flickr.com/photos/44124348109@N01/9741310549,https://live.staticflickr.com/7369/9741310549_7a15fb143f_b.jpg,flickr
Painting,Interior Painting,assets\services\painting\interior-painting.jpg,Interior Painting Painting,Superb Edwardian interior with fireplace and piano,whatsthatpicture,https://www.flickr.com/photos/24469639@N00,pdm,1.0,https://creativecommons.org/publicdomain/mark/1.0/,https://www.flickr.com/photos/24469639@N00/6626882635,https://live.staticflickr.com/7027/6626882635_1325c7feec_b.jpg,flickr
Painting,Exterior Painting,assets\services\painting\exterior-painting.jpg,Exterior Painting Painting,painted_brick1,shortformvideo,https://www.flickr.com/photos/48739525@N05,by,2.0,https://creativecommons.org/licenses/by/2.0/,https://www.flickr.com/photos/48739525@N05/4530346114,https://live.staticflickr.com/4063/4530346114_a65116648d_b.jpg,flickr
Painting,Wall Repainting,assets\services\painting\wall-repainting.jpg,Wall Repainting Painting,"Zen style - painted stone fireplace makeover with flat black slate inlayed hearth, pillows, Buddha candleholder, original art, rocking chair, Ikea curtains, Seattle, Washington, USA",Wonderlane,https://www.flickr.com/photos/71401718@N00,cc0,1.0,https://creativecommons.org/publicdomain/zero/1.0/,https://www.flickr.com/photos/71401718@N00/2090244608,https://live.staticflickr.com/2185/2090244608_78e3186be5_b.jpg,flickr
Painting,Texture Painting,assets\services\painting\texture-painting.jpg,Texture Painting Painting,Texture 113,Ellenvd,https://www.flickr.com/photos/41904174@N06,by,2.0,https://creativecommons.org/licenses/by/2.0/,https://www.flickr.com/photos/41904174@N06/8692743749,https://live.staticflickr.com/8126/8692743749_79489e3773_b.jpg,flickr
Painting,Waterproof Paint,assets\services\painting\waterproof-paint.jpg,Waterproof Paint Painting,"William Lionel Wylie, Tower House, Portsmouth, 1911",Archives New Zealand,https://www.flickr.com/photos/35759981@N08,by,2.0,https://creativecommons.org/licenses/by/2.0/,https://www.flickr.com/photos/35759981@N08/8963703935,https://live.staticflickr.com/2808/8963703935_246018525a_b.jpg,flickr
Painting,Wood Painting / Polishing,assets\services\painting\wood-painting-polishing.jpg,Wood Painting Polishing Painting,"Nail Polish on floor, wall and lamp",GlenCooper,https://www.flickr.com/photos/10742026@N00,by,2.0,https://creativecommons.org/licenses/by/2.0/,https://www.flickr.com/photos/10742026@N00/6256262975,https://live.staticflickr.com/6165/6256262975_9ba3580b51_b.jpg,flickr
Painting,Metal Painting,assets\services\painting\metal-painting.jpg,Metal Painting Painting,brushed metal,afsdfgasdf,https://www.flickr.com/photos/90238280@N00,by,2.0,https://creativecommons.org/licenses/by/2.0/,https://www.flickr.com/photos/90238280@N00/113737428,https://live.staticflickr.com/47/113737428_779cc50c4e_b.jpg,flickr
Painting,Ceiling Painting,assets\services\painting\ceiling-painting.jpg,Ceiling Painting Painting,"Stavropoleos Monastery after Easter, Bucharest",Dimitry B,https://www.flickr.com/photos/61533954@N00,by,2.0,https://creativecommons.org/licenses/by/2.0/,https://www.flickr.com/photos/61533954@N00/9979480186,https://live.staticflickr.com/7446/9979480186_daa54844cf_b.jpg,flickr
Painting,Decorative Painting,assets\services\painting\decorative-painting.jpg,Decorative Painting Painting,Texture,walmarc04,https://www.flickr.com/photos/30924550@N04,pdm,1.0,https://creativecommons.org/publicdomain/mark/1.0/,https://www.flickr.com/photos/30924550@N04/27899690957,https://live.staticflickr.com/1723/27899690957_c35230c7fe_b.jpg,flickr
Painting,Wallpaper Installation,assets\services\painting\wallpaper-installation.jpg,Wallpaper Installation Painting,Brian Eno Speaker Flowers Sound Installation at Marlborough House,Dominic's pics,https://www.flickr.com/photos/64097751@N00,by,2.0,https://creativecommons.org/licenses/by/2.0/,https://www.flickr.com/photos/64097751@N00/4626306710,https://live.staticflickr.com/3382/4626306710_96e70e7892_b.jpg,flickr
Painting,Color Consultation,assets\services\painting\color-consultation.jpg,Color Consultation,i have no idea what a color consultant does,PinkMoose,https://www.flickr.com/photos/82072056@N00,by,2.0,https://creativecommons.org/licenses/by/2.0/,https://www.flickr.com/photos/82072056@N00/2369827513,https://live.staticflickr.com/2098/2369827513_eaf21d0448_b.jpg,flickr
Carpenter,Furniture Repair,assets\services\carpenter\furniture-repair.jpg,Furniture Repair Carpenter,Search-and-Rescue Workers Arrive in Ofunato [Image 3 of 23],DVIDSHUB,https://www.flickr.com/photos/28650594@N03,by,2.0,https://creativecommons.org/licenses/by/2.0/,https://www.flickr.com/photos/28650594@N03/5531710425,https://live.staticflickr.com/5058/5531710425_cd5eab81cc_b.jpg,flickr
Carpenter,Custom Furniture,assets\services\carpenter\custom-furniture.jpg,Custom Furniture Carpenter,molding for stairs,The Finishing Company Richmond Va,https://www.flickr.com/photos/23141008@N06,by,2.0,https://creativecommons.org/licenses/by/2.0/,https://www.flickr.com/photos/23141008@N06/5080021572,https://live.staticflickr.com/4035/5080021572_d4d3c80933_b.jpg,flickr
Carpenter,Door Repair / Installation,assets\services\carpenter\door-repair-installation.jpg,Door Repair Installation Carpenter,"Fort Egbert, Alaska",mypubliclands,https://www.flickr.com/photos/91981596@N06,by,2.0,https://creativecommons.org/licenses/by/2.0/,https://www.flickr.com/photos/91981596@N06/30196855211,https://live.staticflickr.com/5550/30196855211_8337d285d6_b.jpg,flickr
Carpenter,Window Repair,assets\services\carpenter\window-repair.jpg,Window Repair Carpenter,DSC01452 - Making a Spoon,archer10 (Dennis),https://www.flickr.com/photos/22490717@N02,by-sa,2.0,https://creativecommons.org/licenses/by-sa/2.0/,https://www.flickr.com/photos/22490717@N02/7815330012,https://live.staticflickr.com/8299/7815330012_60568d94ef_b.jpg,flickr
Carpenter,Wardrobe,assets\services\carpenter\wardrobe.jpg,Wardrobe Carpenter,the pantry,In Memoriam: sa_ku_ra,https://www.flickr.com/photos/79511840@N00,by,2.0,https://creativecommons.org/licenses/by/2.0/,https://www.flickr.com/photos/79511840@N00/15722950,https://live.staticflickr.com/14/15722950_ceb2ee2bb8_b.jpg,flickr
Carpenter,Kitchen Cabinets,assets\services\carpenter\kitchen-cabinets.jpg,Kitchen Cabinets Carpenter,Kitchen Two Thirds Complete - Strawbale House Build in Redmond Western Australia,Red Moon Sanctuary,https://www.flickr.com/photos/71646105@N03,by,2.0,https://creativecommons.org/licenses/by/2.0/,https://www.flickr.com/photos/71646105@N03/9362974461,https://live.staticflickr.com/2859/9362974461_a0f8b7a50c_b.jpg,flickr
Carpenter,Modular Kitchen,assets\services\carpenter\modular-kitchen.jpg,Modular Kitchen,Modular Kitchen,"Riverview Homes, Inc.",https://commons.wikimedia.org/wiki/User:Rfanelli,by-sa,3.0,https://creativecommons.org/licenses/by-sa/3.0/,https://commons.wikimedia.org/w/index.php?curid=7315483,https://upload.wikimedia.org/wikipedia/commons/c/c7/Modular_Kitchen.jpg,wikimedia
Carpenter,Bed,assets\services\carpenter\bed.jpg,Bed Carpenter,"Compound rest, toolpost and boring bar on a century-old 20-inch x 12-foot Muller metal lathe in a junkyard, made by the Bradford Mill Company",Darron Birgenheier,https://www.flickr.com/photos/28502132@N05,by-sa,2.0,https://creativecommons.org/licenses/by-sa/2.0/,https://www.flickr.com/photos/28502132@N05/12857659865,https://live.staticflickr.com/3763/12857659865_2d3ebe17f4_b.jpg,flickr
Carpenter,Table / Desk,assets\services\carpenter\table-desk.jpg,Table Desk Carpenter,Ruler,isox4,https://www.flickr.com/photos/52553409@N06,by,2.0,https://creativecommons.org/licenses/by/2.0/,https://www.flickr.com/photos/52553409@N06/5352519459,https://live.staticflickr.com/5127/5352519459_df2f2185dc_b.jpg,flickr
Carpenter,Shelves,assets\services\carpenter\shelves.jpg,Shelves Carpenter,Kitchen Two Thirds Complete - Strawbale House Build in Redmond Western Australia,Red Moon Sanctuary,https://www.flickr.com/photos/71646105@N03,by,2.0,https://creativecommons.org/licenses/by/2.0/,https://www.flickr.com/photos/71646105@N03/9362974461,https://live.staticflickr.com/2859/9362974461_a0f8b7a50c_b.jpg,flickr
Carpenter,Wooden Flooring,assets\services\carpenter\wooden-flooring.jpg,Wooden Flooring Carpenter,Floor covering,Filter Forge,https://www.flickr.com/photos/93421824@N06,by,2.0,https://creativecommons.org/licenses/by/2.0/,https://www.flickr.com/photos/93421824@N06/8742921525,https://live.staticflickr.com/7290/8742921525_1c786b352a.jpg,flickr
Carpenter,Polishing,assets\services\carpenter\polishing.jpg,Polishing Carpenter,Electricity (sanded and polished),Andrew from Sydney,https://www.flickr.com/photos/58314390@N08,by,2.0,https://creativecommons.org/licenses/by/2.0/,https://www.flickr.com/photos/58314390@N08/8745938723,https://live.staticflickr.com/8130/8745938723_7059844911_b.jpg,flickr
Waterproofing,Roof Waterproofing,assets\services\waterproofing\roof-waterproofing.jpg,Roof Waterproofing Waterproofing,Roof slate shingles,Picdrome Public Domain Pictures,https://www.flickr.com/photos/65798313@N06,cc0,1.0,https://creativecommons.org/publicdomain/zero/1.0/,https://www.flickr.com/photos/65798313@N06/7226315482,https://live.staticflickr.com/7226/7226315482_754f30804d_b.jpg,flickr
Waterproofing,Terrace Waterproofing,assets\services\waterproofing\terrace-waterproofing.jpg,Terrace Waterproofing Waterproofing,tar,antmoose,https://www.flickr.com/photos/93226994@N00,by,2.0,https://creativecommons.org/licenses/by/2.0/,https://www.flickr.com/photos/93226994@N00/10907258,https://live.staticflickr.com/5/10907258_f8b82912ac_b.jpg,flickr
Waterproofing,Bathroom Waterproofing,assets\services\waterproofing\bathroom-waterproofing.jpg,Bathroom Waterproofing Waterproofing,Sink fail,Miia Sample,https://www.flickr.com/photos/78835633@N00,by-sa,2.0,https://creativecommons.org/licenses/by-sa/2.0/,https://www.flickr.com/photos/78835633@N00/4079594743,https://live.staticflickr.com/3484/4079594743_77a27a0b82_b.jpg,flickr
Waterproofing,Basement Waterproofing,assets\services\waterproofing\basement-waterproofing.jpg,Basement Waterproofing Waterproofing,GraniFlex Basement Flooring,Decorative Concrete Kingdom,https://www.flickr.com/photos/38041294@N05,by,2.0,https://creativecommons.org/licenses/by/2.0/,https://www.flickr.com/photos/38041294@N05/11513489635,https://live.staticflickr.com/7344/11513489635_6fe84e663b_b.jpg,flickr
Waterproofing,Wall Dampness,assets\services\waterproofing\wall-dampness.jpg,Wall Dampness Waterproofing,A.R.P. AT IRLAM,"Irlam,Cadishead,Rixton with Glazebrook old photos",https://www.flickr.com/photos/77779370@N02,by-sa,2.0,https://creativecommons.org/licenses/by-sa/2.0/,https://www.flickr.com/photos/77779370@N02/23470301014,https://live.staticflickr.com/1651/23470301014_772a30b4f9_b.jpg,flickr
Waterproofing,Water Leakage,assets\services\waterproofing\water-leakage.jpg,Water Leakage Waterproofing,Knog Bullfrog water,Richard Masoner / Cyclelicious,https://www.flickr.com/photos/99247795@N00,by-sa,2.0,https://creativecommons.org/licenses/by-sa/2.0/,https://www.flickr.com/photos/99247795@N00/3164390791,https://live.staticflickr.com/1007/3164390791_d8211150d5_b.jpg,flickr
Waterproofing,Tank Waterproofing,assets\services\waterproofing\tank-waterproofing.jpg,Tank Waterproofing Waterproofing,"Duplex Drive Sherman Tank, Juno Beach, Normandy, France.",Mike Cattell,https://www.flickr.com/photos/27406286@N05,by,2.0,https://creativecommons.org/licenses/by/2.0/,https://www.flickr.com/photos/27406286@N05/4458716907,https://live.staticflickr.com/4057/4458716907_844930ded2_b.jpg,flickr
Waterproofing,Balcony Waterproofing,assets\services\waterproofing\balcony-waterproofing.jpg,Balcony Waterproofing Waterproofing,"Graniflex Balcony- LNS Coatings and Renovations- Solomons, MD",Decorative Concrete Kingdom,https://www.flickr.com/photos/38041294@N05,by,2.0,https://creativecommons.org/licenses/by/2.0/,https://www.flickr.com/photos/38041294@N05/52991587543,https://live.staticflickr.com/65535/52991587543_7602f17a1e_b.jpg,flickr
Waterproofing,Joint / Crack Sealing,assets\services\waterproofing\joint-crack-sealing.jpg,Joint Crack Sealing,20110719-RD-LSC-0227,USDAgov,https://www.flickr.com/photos/41284017@N08,by,2.0,https://creativecommons.org/licenses/by/2.0/,https://www.flickr.com/photos/41284017@N08/6791943135,https://live.staticflickr.com/7019/6791943135_b2d956af1a_b.jpg,flickr
Waterproofing,Waterproof Coating,assets\services\waterproofing\waterproof-coating.jpg,Waterproof Coating Waterproofing,Surviving the Children's Home Growth Tests ..M348,theirhistory,https://www.flickr.com/photos/22326055@N06,pdm,1.0,https://creativecommons.org/publicdomain/mark/1.0/,https://www.flickr.com/photos/22326055@N06/3836194985,https://live.staticflickr.com/2548/3836194985_b8136ed949_b.jpg,flickr
Interior,Interior Design,assets\services\interior\interior-design.jpg,Interior Design Interior,Interior Design Interior Shop Window Window Vibrant Color Women Style Indoors Modern,perriscope,https://www.flickr.com/photos/104368365@N05,by-sa,2.0,https://creativecommons.org/licenses/by-sa/2.0/,https://www.flickr.com/photos/104368365@N05/30080587495,https://live.staticflickr.com/8620/30080587495_7f4b0c9db9_b.jpg,flickr
Interior,3D Design,assets\services\interior\3d-design.jpg,3D Design Interior,bathroom,axeldeviaje,https://www.flickr.com/photos/38803602@N00,by,2.0,https://creativecommons.org/licenses/by/2.0/,https://www.flickr.com/photos/38803602@N00/300817084,https://live.staticflickr.com/107/300817084_31ba59bf08_b.jpg,flickr
Interior,Modular Kitchen,assets\services\interior\modular-kitchen.jpg,Modular Kitchen Interior,Urbane Apts / One Bedroom / Adams,urbaneapts,https://www.flickr.com/photos/34170343@N02,by-sa,2.0,https://creativecommons.org/licenses/by-sa/2.0/,https://www.flickr.com/photos/34170343@N02/3746485762,https://live.staticflickr.com/3470/3746485762_fc0d9b71ce_b.jpg,flickr
Interior,Wardrobe,assets\services\interior\wardrobe.jpg,Wardrobe Interior,St Andrew-by-the-Wardrobe interior,"Steve Cadman from London, U.K.",https://www.flickr.com/people/98115025@N00,by-sa,2.0,https://creativecommons.org/licenses/by-sa/2.0/,https://commons.wikimedia.org/w/index.php?curid=4418039,https://upload.wikimedia.org/wikipedia/commons/c/c5/St_Andrew-by-the-Wardrobe_interior.jpg,wikimedia
Interior,False Ceiling,assets\services\interior\false-ceiling.jpg,False Ceiling Interior,Looking west - East Room replica - Richard Nixon Presidential Library and Museum,Tim Evanson,https://www.flickr.com/photos/23165290@N00,by-sa,2.0,https://creativecommons.org/licenses/by-sa/2.0/,https://www.flickr.com/photos/23165290@N00/7841697614,https://live.staticflickr.com/8435/7841697614_816a77fea6_b.jpg,flickr
Interior,Partition,assets\services\interior\partition.jpg,Partition Interior,Japanese house traditional style interior design / 和室(わしつ)の内装(ないそう),TANAKA Juuyoh (田中十洋),https://www.flickr.com/photos/13910409@N05,by,2.0,https://creativecommons.org/licenses/by/2.0/,https://www.flickr.com/photos/13910409@N05/2887217656,https://live.staticflickr.com/3273/2887217656_3f7ac61bcd_b.jpg,flickr
Interior,TV Unit,assets\services\interior\tv-unit.jpg,TV Unit Interior,Sustenuto Monochord by Jon dickinson - Brian Eno Speaker Flowers Sound Installation at Marlborough House,Dominic's pics,https://www.flickr.com/photos/64097751@N00,by,2.0,https://creativecommons.org/licenses/by/2.0/,https://www.flickr.com/photos/64097751@N00/4626188690,https://live.staticflickr.com/4037/4626188690_a20ea971c6_b.jpg,flickr
Interior,Lighting Design,assets\services\interior\lighting-design.jpg,Lighting Design Interior,Classical Interior,hilighters,https://www.flickr.com/photos/76351588@N02,by,2.0,https://creativecommons.org/licenses/by/2.0/,https://www.flickr.com/photos/76351588@N02/7090245849,https://live.staticflickr.com/7230/7090245849_0078e4c083_b.jpg,flickr
Interior,Flooring,assets\services\interior\flooring.jpg,Flooring Interior,"Waterstones ground floor interior, SUTTON, Surrey, Greater London",tonymonblat,https://www.flickr.com/photos/128484499@N06,by-sa,2.0,https://creativecommons.org/licenses/by-sa/2.0/,https://www.flickr.com/photos/128484499@N06/20063857194,https://live.staticflickr.com/715/20063857194_34e0ee9d9d_b.jpg,flickr
Interior,Wallpaper,assets\services\interior\wallpaper.jpg,Wallpaper Interior,Wallpaper,DyosEL,https://www.flickr.com/photos/131042142@N05,by,2.0,https://creativecommons.org/licenses/by/2.0/,https://www.flickr.com/photos/131042142@N05/16253525009,https://live.staticflickr.com/7430/16253525009_7433b2c5bf_b.jpg,flickr
Interior,Curtains / Blinds,assets\services\interior\curtains-blinds.jpg,Curtains Blinds Interior,The Corner Room,www.trek.today,https://www.flickr.com/photos/34107995@N00,by,2.0,https://creativecommons.org/licenses/by/2.0/,https://www.flickr.com/photos/34107995@N00/3455670273,https://live.staticflickr.com/3564/3455670273_a728c80f4f_b.jpg,flickr
Interior,Furniture,assets\services\interior\furniture.jpg,Furniture Interior,AVZ ~ Furniture / Interiors,▓▒░ TORLEY ░▒▓,https://www.flickr.com/photos/70285332@N00,by-sa,2.0,https://creativecommons.org/licenses/by-sa/2.0/,https://www.flickr.com/photos/70285332@N00/3026142171,https://live.staticflickr.com/3028/3026142171_b3e9317cd9_b.jpg,flickr
Interior,Office Interior,assets\services\interior\office-interior.jpg,Office Interior Interior,a day at the office,phlubdr,https://www.flickr.com/photos/34128018@N04,by,2.0,https://creativecommons.org/licenses/by/2.0/,https://www.flickr.com/photos/34128018@N04/6303582498,https://live.staticflickr.com/6045/6303582498_471029d56c_b.jpg,flickr
Interior,Commercial Interior,assets\services\interior\commercial-interior.jpg,Commercial Interior Interior,shapes,Matisses tienda,https://www.flickr.com/photos/47850066@N08,by,2.0,https://creativecommons.org/licenses/by/2.0/,https://www.flickr.com/photos/47850066@N08/6147240486,https://live.staticflickr.com/6187/6147240486_b5346a39c7_b.jpg,flickr
Mason,Floor Screeding,assets\services\mason\floor-screeding.jpg,Floor Screeding,How many times does a floor need to be laid?,Bryn Pinzgauer,https://www.flickr.com/photos/12394349@N06,by,2.0,https://creativecommons.org/licenses/by/2.0/,https://www.flickr.com/photos/12394349@N06/3686052509,https://live.staticflickr.com/2592/3686052509_cd4f967b32_b.jpg,flickr
Appliance Repair,Air Conditioner,assets\services\appliance-repair\air-conditioner.jpg,Air Conditioner,ode to an air conditioner,brdonovan,https://www.flickr.com/photos/58621196@N05,by-sa,2.0,https://creativecommons.org/licenses/by-sa/2.0/,https://www.flickr.com/photos/58621196@N05/7259166358,https://live.staticflickr.com/7085/7259166358_99a86e9aff_b.jpg,flickr
Appliance Repair,Microwave / Oven,assets\services\appliance-repair\microwave-oven.jpg,Microwave Oven,Microwave Oven Transformer,Beige Alert,https://www.flickr.com/photos/53332339@N00,by-sa,2.0,https://creativecommons.org/licenses/by-sa/2.0/,https://www.flickr.com/photos/53332339@N00/2956659,https://live.staticflickr.com/2/2956659_aff1a14d61_b.jpg,flickr
